source,target,relation
TheBitcoin__,SimplyBitcoinTV,mentioned
OwnBitcoin,OwnBitcoin,replied_to
cryptonewspod_,cryptonewspod_,mentioned
RuralDollar,BigBackBitcoin,follows
RuralDollar,KhokoShop,follows
RuralDollar,cryptonewspod_,follows
RuralDollar,xcuriousbitcoin,follows
RuralDollar,TheBitcoinConf,follows
FitmedGuru,ACDAM_Fund,follows
FitmedGuru,ChristianR80567,follows
FitmedGuru,Swapuz_team,follows
FitmedGuru,makecrypto4304,follows
samzy_jay,BitcoinBltnBrd,follows
samzy_jay,MSTRStrategy,follows
samzy_jay,Swapuz_team,follows
samzy_jay,realcybersun,follows
samzy_jay,BitcoinWeekly,follows
UmojaProtocol,CallMe__Crypt,follows
UmojaProtocol,Coldestcrown,follows
UmojaProtocol,saoirse6668,follows
UmojaProtocol,CryptoNewsYes,follows
UmojaProtocol,BitcoinBltnBrd,follows
1philjons,SimplyBitcoinTV,follows
1philjons,Bitcoin_is_time,follows
1philjons,Tien7397,follows
1philjons,csbikash,follows
1philjons,MSTRStrategy,follows
Hmd7ai7,dennislevens,follows
Hmd7ai7,Randylearyoo1,follows
Hmd7ai7,samzy_jay,follows
Hmd7ai7,Cruzin4Bitcoin,follows
Hmd7ai7,Coldestcrown,follows
lusanas,Tien7397,follows
lusanas,ryancoc22,follows
lusanas,Hmd7ai7,follows
lusanas,BigBackBitcoin,follows
lusanas,Copenhaguen83,follows
WhaleQuips,BitcoinWeekly,follows
WhaleQuips,Tech_Law,follows
WhaleQuips,lamboez,follows
WhaleQuips,Copenhaguen83,follows
WhaleQuips,mosheea2022,follows
altapedregosa,1philjons,follows
altapedregosa,saoirse6668,follows
altapedregosa,Randylearyoo1,follows
altapedregosa,ItsBitcoinWorld,follows
altapedregosa,JoePrin90175726,follows
Tech_Law,1philjons,follows
Tech_Law,cryptonewspod_,follows
Tech_Law,Tien7397,follows
Tech_Law,joshmacneel,follows
Tech_Law,shahmeermurtaza,follows
TooSaucyMedia,Randylearyoo1,follows
TooSaucyMedia,MSTRStrategy,follows
TooSaucyMedia,joshmacneel,follows
TooSaucyMedia,xunday_Tech,follows
TooSaucyMedia,realcybersun,follows
ahorrabitcoin,Hmd7ai7,follows
ahorrabitcoin,memelooter,follows
ahorrabitcoin,csbikash,follows
ahorrabitcoin,1philjons,follows
ahorrabitcoin,kingsammyNurse,follows
BitcoinTrendz1,CharlesKyrielle,follows
BitcoinTrendz1,ItsBitcoinWorld,follows
BitcoinTrendz1,ryancoc22,follows
BitcoinTrendz1,LongedBitcoin,follows
BitcoinTrendz1,billard_smallz,follows
RobbMass,samzy_jay,follows
RobbMass,RuralDollar,follows
RobbMass,BitcoinWeekly,follows
RobbMass,CallMe__Crypt,follows
RobbMass,saoirse6668,follows
tradeducky,djura65,follows
tradeducky,CallMe__Crypt,follows
tradeducky,ryancoc22,follows
tradeducky,BitcoinTrendz1,follows
tradeducky,AlvaApp,follows
Bitcoin_is_time,TheJesseMK,follows
Bitcoin_is_time,BigBackBitcoin,follows
Bitcoin_is_time,Rockscrypto_,follows
Bitcoin_is_time,dennislevens,follows
Bitcoin_is_time,Hmd7ai7,follows
worldcryptospot,BitByz,follows
worldcryptospot,Olonka_UtD,follows
worldcryptospot,BitcoinStarship,follows
worldcryptospot,cryptonewspod_,follows
worldcryptospot,shahmeermurtaza,follows
Karthik_archive,cryptonewspod_,follows
Karthik_archive,UmojaProtocol,follows
Karthik_archive,saoirse6668,follows
Karthik_archive,CointelegraphMT,follows
Karthik_archive,Rockscrypto_,follows
TheJesseMK,jcoffeen1,follows
TheJesseMK,NandoGains,follows
TheJesseMK,TheDailyHodl,follows
TheJesseMK,UmojaProtocol,follows
TheJesseMK,CointelegraphMT,follows
goodvibesonlyin,CharlesKyrielle,follows
goodvibesonlyin,300iqtrading,follows
goodvibesonlyin,johnmorganFL,follows
goodvibesonlyin,KhokoShop,follows
goodvibesonlyin,ItsBitcoinWorld,follows
djura65,RealDrewTality,follows
djura65,ArnielSia,follows
djura65,ShrayTV,follows
djura65,Tien7397,follows
djura65,BTCTN,follows
NandoGains,AlvaApp,follows
NandoGains,RuralDollar,follows
NandoGains,worldcryptospot,follows
NandoGains,BTCTN,follows
NandoGains,tradeducky,follows
Randylearyoo1,joshmacneel,follows
Randylearyoo1,BitcoinWeekly,follows
Randylearyoo1,BitBoca,follows
Randylearyoo1,WhaleQuips,follows
Randylearyoo1,TheBitcoin__,follows
TheBitcoin__,Cryptadamist,follows
TheBitcoin__,mosheea2022,follows
TheBitcoin__,Randylearyoo1,follows
TheBitcoin__,Tien7397,follows
TheBitcoin__,KhokoShop,follows
CointelegraphMT,CharlesKyrielle,follows
CointelegraphMT,aganstwallst,follows
CointelegraphMT,Tien7397,follows
CointelegraphMT,BitByz,follows
CointelegraphMT,memelooter,follows
mysunil_,MSTRStrategy,follows
mysunil_,bradkat70,follows
mysunil_,Cryptadamist,follows
mysunil_,xunday_Tech,follows
mysunil_,Randylearyoo1,follows
Coldestcrown,bradkat70,follows
Coldestcrown,DurekTom,follows
Coldestcrown,Cruzin4Bitcoin,follows
Coldestcrown,RobbMass,follows
Coldestcrown,RuralDollar,follows
bradkat70,Cryptadamist,follows
bradkat70,ACDAM_Fund,follows
bradkat70,BitByz,follows
bradkat70,GeeAryuba,follows
bradkat70,Rockscrypto_,follows
AlvaApp,RobbMass,follows
AlvaApp,billard_smallz,follows
AlvaApp,saoirse6668,follows
AlvaApp,Hmd7ai7,follows
AlvaApp,ArnielSia,follows
Mikeymonie,Mustafa84924477,follows
Mikeymonie,TheBitcoinConf,follows
Mikeymonie,RobbMass,follows
Mikeymonie,bhbh89705,follows
Mikeymonie,johnmorganFL,follows
TheDailyHodl,CointelegraphMT,follows
TheDailyHodl,ArnielSia,follows
TheDailyHodl,FitmedGuru,follows
TheDailyHodl,srankstrat,follows
TheDailyHodl,BitcoinBltnBrd,follows
TheBitcoinConf,CallMe__Crypt,follows
TheBitcoinConf,BitcoinBugsy,follows
TheBitcoinConf,shahmeermurtaza,follows
TheBitcoinConf,Rockscrypto_,follows
TheBitcoinConf,FitmedGuru,follows
shahmeermurtaza,ACDAM_Fund,follows
shahmeermurtaza,MSTRStrategy,follows
shahmeermurtaza,mysunil_,follows
shahmeermurtaza,Copenhaguen83,follows
shahmeermurtaza,BitcoinBltnBrd,follows
bhbh89705,DavidCoxRJ,follows
bhbh89705,BitBoca,follows
bhbh89705,joshmacneel,follows
bhbh89705,mysunil_,follows
bhbh89705,AryanBreath,follows
Rockscrypto_,ahorrabitcoin,follows
Rockscrypto_,Copenhaguen83,follows
Rockscrypto_,Hoarder035,follows
Rockscrypto_,xunday_Tech,follows
Rockscrypto_,TheDailyHodl,follows
Ekeson62,CallMe__Crypt,follows
Ekeson62,thebtcdad,follows
Ekeson62,DurekTom,follows
Ekeson62,shahmeermurtaza,follows
Ekeson62,ShrayTV,follows
GeeAryuba,CallMe__Crypt,follows
GeeAryuba,memelooter,follows
GeeAryuba,BigBackBitcoin,follows
GeeAryuba,Randylearyoo1,follows
GeeAryuba,BitByz,follows
CharlesKyrielle,shahmeermurtaza,follows
CharlesKyrielle,xunday_Tech,follows
CharlesKyrielle,RealDrewTality,follows
CharlesKyrielle,TheDailyHodl,follows
CharlesKyrielle,CointelegraphMT,follows
billard_smallz,BitcoinBltnBrd,follows
billard_smallz,gmgn_guru,follows
billard_smallz,saoirse6668,follows
billard_smallz,Swapuz_team,follows
billard_smallz,memelooter,follows
BitBoca,tradeducky,follows
BitBoca,TheDailyHodl,follows
BitBoca,thebtcdad,follows
BitBoca,NandoGains,follows
BitBoca,Swapuz_team,follows
Cruzin4Bitcoin,Tien7397,follows
Cruzin4Bitcoin,ChristianR80567,follows
Cruzin4Bitcoin,LongedBitcoin,follows
Cruzin4Bitcoin,goodvibesonlyin,follows
Cruzin4Bitcoin,ryancoc22,follows
jcoffeen1,300iqtrading,follows
jcoffeen1,Ekeson62,follows
jcoffeen1,ItsBitcoinWorld,follows
jcoffeen1,BitBoca,follows
jcoffeen1,Bitcoin_Cookie,follows
BitcoinStarship,ItsBitcoinWorld,follows
BitcoinStarship,TooSaucyMedia,follows
BitcoinStarship,Randylearyoo1,follows
BitcoinStarship,tradeducky,follows
BitcoinStarship,ACDAM_Fund,follows
makecrypto4304,Olonka_UtD,follows
makecrypto4304,300iqtrading,follows
makecrypto4304,dennislevens,follows
makecrypto4304,tradeducky,follows
makecrypto4304,kingsammyNurse,follows
MSTRStrategy,goodvibesonlyin,follows
MSTRStrategy,0xndra,follows
MSTRStrategy,BitcoinBugsy,follows
MSTRStrategy,BitcoinWeekly,follows
MSTRStrategy,bradkat70,follows
srankstrat,joshmacneel,follows
srankstrat,saoirse6668,follows
srankstrat,WhaleQuips,follows
srankstrat,BitcoinWeekly,follows
srankstrat,Swapuz_team,follows
Mustafa84924477,CallMe__Crypt,follows
Mustafa84924477,memelooter,follows
Mustafa84924477,saskkay1,follows
Mustafa84924477,cryptonewspod_,follows
Mustafa84924477,Olonka_UtD,follows
JoePrin90175726,1philjons,follows
JoePrin90175726,Cryptadamist,follows
JoePrin90175726,DurekTom,follows
JoePrin90175726,ahorrabitcoin,follows
JoePrin90175726,bhbh89705,follows
BigBackBitcoin,aganstwallst,follows
BigBackBitcoin,djura65,follows
BigBackBitcoin,makecrypto4304,follows
BigBackBitcoin,Mikeymonie,follows
BigBackBitcoin,bradkat70,follows
OwnBitcoin,worldcryptospot,follows
OwnBitcoin,300iqtrading,follows
OwnBitcoin,BTCBlueyPunks,follows
OwnBitcoin,CryptoNewsYes,follows
OwnBitcoin,Dahlman0611,follows
ryancoc22,ShrayTV,follows
ryancoc22,Karthik_archive,follows
ryancoc22,LongedBitcoin,follows
ryancoc22,DurekTom,follows
ryancoc22,aganstwallst,follows
Tien7397,1philjons,follows
Tien7397,CallMe__Crypt,follows
Tien7397,lamboez,follows
Tien7397,aganstwallst,follows
Tien7397,saskkay1,follows
0xndra,Tien7397,follows
0xndra,CharlesKyrielle,follows
0xndra,mosheea2022,follows
0xndra,BTCBlueyPunks,follows
0xndra,lusanas,follows
saoirse6668,worldcryptospot,follows
saoirse6668,RuralDollar,follows
saoirse6668,tradeducky,follows
saoirse6668,realcybersun,follows
saoirse6668,Rockscrypto_,follows
cryptonewspod_,Tech_Law,follows
cryptonewspod_,csbikash,follows
cryptonewspod_,BitcoinBugsy,follows
cryptonewspod_,TheBitcoin__,follows
cryptonewspod_,DavidCoxRJ,follows
BTCTN,DurekTom,follows
BTCTN,BitcoinBltnBrd,follows
BTCTN,BitBoca,follows
BTCTN,xcuriousbitcoin,follows
BTCTN,goodvibesonlyin,follows
Swapuz_team,ChristianR80567,follows
Swapuz_team,saoirse6668,follows
Swapuz_team,MSTRStrategy,follows
Swapuz_team,Ekeson62,follows
Swapuz_team,DurekTom,follows
ChristianR80567,Hmd7ai7,follows
ChristianR80567,Bitcoin_is_time,follows
ChristianR80567,Tech_Law,follows
ChristianR80567,csbikash,follows
ChristianR80567,saoirse6668,follows
BTCBlueyPunks,xunday_Tech,follows
BTCBlueyPunks,Rockscrypto_,follows
BTCBlueyPunks,BTCTN,follows
BTCBlueyPunks,mysunil_,follows
BTCBlueyPunks,RobbMass,follows
ItsBitcoinWorld,BigBackBitcoin,follows
ItsBitcoinWorld,Tech_Law,follows
ItsBitcoinWorld,BitcoinWeekly,follows
ItsBitcoinWorld,RuralDollar,follows
ItsBitcoinWorld,300iqtrading,follows
ShrayTV,lamboez,follows
ShrayTV,TheBitcoinConf,follows
ShrayTV,joshmacneel,follows
ShrayTV,Randylearyoo1,follows
ShrayTV,0xndra,follows
saskkay1,BitcoinStarship,follows
saskkay1,altapedregosa,follows
saskkay1,ahorrabitcoin,follows
saskkay1,DavidCoxRJ,follows
saskkay1,xunday_Tech,follows
johnmorganFL,0xndra,follows
johnmorganFL,mm83214131,follows
johnmorganFL,RuralDollar,follows
johnmorganFL,ahorrabitcoin,follows
johnmorganFL,realcybersun,follows
BitByz,OwnBitcoin,follows
BitByz,srankstrat,follows
BitByz,ArnielSia,follows
BitByz,bhbh89705,follows
BitByz,ahorrabitcoin,follows
KhokoShop,SimplyBitcoinTV,follows
KhokoShop,samzy_jay,follows
KhokoShop,MSTRStrategy,follows
KhokoShop,TooSaucyMedia,follows
KhokoShop,DurekTom,follows
Copenhaguen83,Cruzin4Bitcoin,follows
Copenhaguen83,BTCTN,follows
Copenhaguen83,CallMe__Crypt,follows
Copenhaguen83,Olonka_UtD,follows
Copenhaguen83,mm83214131,follows
Dahlman0611,ShrayTV,follows
Dahlman0611,johnmorganFL,follows
Dahlman0611,dennislevens,follows
Dahlman0611,Mustafa84924477,follows
Dahlman0611,Cruzin4Bitcoin,follows
csbikash,RealDrewTality,follows
csbikash,Hmd7ai7,follows
csbikash,MSTRStrategy,follows
csbikash,AryanBreath,follows
csbikash,OwnBitcoin,follows
BitcoinWeekly,mm83214131,follows
BitcoinWeekly,ryancoc22,follows
BitcoinWeekly,aganstwallst,follows
BitcoinWeekly,CallMe__Crypt,follows
BitcoinWeekly,tradeducky,follows
gmgn_guru,Mikeymonie,follows
gmgn_guru,aganstwallst,follows
gmgn_guru,Tien7397,follows
gmgn_guru,makecrypto4304,follows
gmgn_guru,ACDAM_Fund,follows
ArnielSia,csbikash,follows
ArnielSia,ShrayTV,follows
ArnielSia,LongedBitcoin,follows
ArnielSia,ryancoc22,follows
ArnielSia,Tien7397,follows
AryanBreath,altapedregosa,follows
AryanBreath,mosheea2022,follows
AryanBreath,kingsammyNurse,follows
AryanBreath,1philjons,follows
AryanBreath,Cryptadamist,follows
DurekTom,gmgn_guru,follows
DurekTom,joshmacneel,follows
DurekTom,FitmedGuru,follows
DurekTom,dennislevens,follows
DurekTom,makecrypto4304,follows
CallMe__Crypt,Dahlman0611,follows
CallMe__Crypt,mosheea2022,follows
CallMe__Crypt,BitByz,follows
CallMe__Crypt,BigBackBitcoin,follows
CallMe__Crypt,Cruzin4Bitcoin,follows
thebtcdad,Mikeymonie,follows
thebtcdad,djura65,follows
thebtcdad,TheBitcoin__,follows
thebtcdad,kingsammyNurse,follows
thebtcdad,BitcoinBugsy,follows
aganstwallst,ACDAM_Fund,follows
aganstwallst,ShrayTV,follows
aganstwallst,ryancoc22,follows
aganstwallst,realcybersun,follows
aganstwallst,worldcryptospot,follows
Bitcoin_Cookie,JoePrin90175726,follows
Bitcoin_Cookie,jcoffeen1,follows
Bitcoin_Cookie,mysunil_,follows
Bitcoin_Cookie,ahorrabitcoin,follows
Bitcoin_Cookie,ArnielSia,follows
BitcoinBugsy,Bitcoin_Cookie,follows
BitcoinBugsy,BTCTN,follows
BitcoinBugsy,Copenhaguen83,follows
BitcoinBugsy,BitcoinWeekly,follows
BitcoinBugsy,DavidCoxRJ,follows
Olonka_UtD,Dahlman0611,follows
Olonka_UtD,BitByz,follows
Olonka_UtD,billard_smallz,follows
Olonka_UtD,BTCBlueyPunks,follows
Olonka_UtD,JoePrin90175726,follows
kingsammyNurse,bhbh89705,follows
kingsammyNurse,mysunil_,follows
kingsammyNurse,Olonka_UtD,follows
kingsammyNurse,joshmacneel,follows
ACDAM_Fund,LongedBitcoin,follows
ACDAM_Fund,RuralDollar,follows
ACDAM_Fund,mosheea2022,follows
ACDAM_Fund,kingsammyNurse,follows
ACDAM_Fund,makecrypto4304,follows
xunday_Tech,Hmd7ai7,follows
xunday_Tech,realcybersun,follows
xunday_Tech,Dahlman0611,follows
xunday_Tech,bhbh89705,follows
xunday_Tech,RealDrewTality,follows
BitcoinBltnBrd,Bitcoin_is_time,follows
BitcoinBltnBrd,Mikeymonie,follows
BitcoinBltnBrd,RobbMass,follows
BitcoinBltnBrd,johnmorganFL,follows
BitcoinBltnBrd,Cryptadamist,follows
CryptoNewsYes,MSTRStrategy,follows
CryptoNewsYes,dennislevens,follows
CryptoNewsYes,Dahlman0611,follows
CryptoNewsYes,LongedBitcoin,follows
CryptoNewsYes,ItsBitcoinWorld,follows
realcybersun,Bitcoin_is_time,follows
realcybersun,FitmedGuru,follows
realcybersun,DurekTom,follows
realcybersun,SimplyBitcoinTV,follows
realcybersun,Tech_Law,follows
memelooter,dennislevens,follows
memelooter,BitcoinBugsy,follows
memelooter,RobbMass,follows
memelooter,BTCTN,follows
xcuriousbitcoin,cryptonewspod_,follows
xcuriousbitcoin,MSTRStrategy,follows
xcuriousbitcoin,OwnBitcoin,follows
xcuriousbitcoin,Tien7397,follows
joshmacneel,LongedBitcoin,follows
joshmacneel,DurekTom,follows
joshmacneel,ChristianR80567,follows
joshmacneel,SimplyBitcoinTV,follows
joshmacneel,Hoarder035,follows
mosheea2022,MSTRStrategy,follows
mosheea2022,BitcoinTrendz1,follows
mosheea2022,kingsammyNurse,follows
mosheea2022,DurekTom,follows
mosheea2022,BitcoinWeekly,follows
Hoarder035,Hmd7ai7,follows
Hoarder035,Tech_Law,follows
Hoarder035,mysunil_,follows
Hoarder035,shahmeermurtaza,follows
Hoarder035,saoirse6668,follows
LongedBitcoin,Mikeymonie,follows
LongedBitcoin,TooSaucyMedia,follows
LongedBitcoin,DavidCoxRJ,follows
LongedBitcoin,BTCTN,follows
LongedBitcoin,bradkat70,follows
lamboez,BitByz,follows
lamboez,0xndra,follows
lamboez,RealDrewTality,follows
lamboez,ahorrabitcoin,follows
lamboez,Ekeson62,follows
300iqtrading,Rockscrypto_,follows
300iqtrading,BitcoinBugsy,follows
300iqtrading,mm83214131,follows
300iqtrading,TheBitcoin__,follows
300iqtrading,ChristianR80567,follows
DavidCoxRJ,goodvibesonlyin,follows
DavidCoxRJ,CointelegraphMT,follows
DavidCoxRJ,MSTRStrategy,follows
DavidCoxRJ,Cryptadamist,follows
DavidCoxRJ,300iqtrading,follows
RealDrewTality,TheJesseMK,follows
RealDrewTality,BitBoca,follows
RealDrewTality,TooSaucyMedia,follows
RealDrewTality,BigBackBitcoin,follows
RealDrewTality,xcuriousbitcoin,follows
SimplyBitcoinTV,samzy_jay,follows
SimplyBitcoinTV,TheBitcoin__,follows
SimplyBitcoinTV,MSTRStrategy,follows
SimplyBitcoinTV,realcybersun,follows
SimplyBitcoinTV,UmojaProtocol,follows
Cryptadamist,RealDrewTality,follows
Cryptadamist,ahorrabitcoin,follows
Cryptadamist,NandoGains,follows
Cryptadamist,Hoarder035,follows
Cryptadamist,bhbh89705,follows
mm83214131,ArnielSia,follows
mm83214131,Rockscrypto_,follows
mm83214131,CallMe__Crypt,follows
mm83214131,Swapuz_team,follows
mm83214131,BigBackBitcoin,follows
dennislevens,Swapuz_team,follows
dennislevens,0xndra,follows
dennislevens,DurekTom,follows
dennislevens,ChristianR80567,follows
dennislevens,djura65,follows
RuralDollar,tradeducky,likes
RuralDollar,makecrypto4304,likes
RuralDollar,aganstwallst,likes
FitmedGuru,johnmorganFL,likes
FitmedGuru,joshmacneel,likes
FitmedGuru,mosheea2022,likes
samzy_jay,BitcoinStarship,likes
samzy_jay,memelooter,likes
samzy_jay,Ekeson62,likes
UmojaProtocol,mm83214131,likes
UmojaProtocol,csbikash,likes
UmojaProtocol,Olonka_UtD,likes
1philjons,BigBackBitcoin,likes
1philjons,TheBitcoinConf,likes
1philjons,lusanas,likes
Hmd7ai7,BitByz,likes
Hmd7ai7,GeeAryuba,likes
Hmd7ai7,BitcoinTrendz1,likes
lusanas,realcybersun,likes
lusanas,RuralDollar,likes
lusanas,DavidCoxRJ,likes
WhaleQuips,ryancoc22,likes
WhaleQuips,xunday_Tech,likes
WhaleQuips,SimplyBitcoinTV,likes
altapedregosa,ArnielSia,likes
altapedregosa,lamboez,likes
altapedregosa,bradkat70,likes
Tech_Law,lamboez,likes
Tech_Law,TheBitcoinConf,likes
Tech_Law,Bitcoin_is_time,likes
TooSaucyMedia,worldcryptospot,likes
TooSaucyMedia,srankstrat,likes
TooSaucyMedia,0xndra,likes
ahorrabitcoin,bradkat70,likes
ahorrabitcoin,AlvaApp,likes
ahorrabitcoin,dennislevens,likes
BitcoinTrendz1,LongedBitcoin,likes
BitcoinTrendz1,TheBitcoinConf,likes
BitcoinTrendz1,OwnBitcoin,likes
RobbMass,kingsammyNurse,likes
RobbMass,mosheea2022,likes
RobbMass,BitcoinWeekly,likes
tradeducky,RobbMass,likes
tradeducky,RuralDollar,likes
tradeducky,altapedregosa,likes
Bitcoin_is_time,dennislevens,likes
Bitcoin_is_time,Randylearyoo1,likes
Bitcoin_is_time,mosheea2022,likes
worldcryptospot,CallMe__Crypt,likes
worldcryptospot,Randylearyoo1,likes
worldcryptospot,kingsammyNurse,likes
Karthik_archive,bradkat70,likes
Karthik_archive,BTCBlueyPunks,likes
Karthik_archive,aganstwallst,likes
TheJesseMK,DavidCoxRJ,likes
TheJesseMK,dennislevens,likes
TheJesseMK,xunday_Tech,likes
goodvibesonlyin,Hmd7ai7,likes
goodvibesonlyin,BitcoinBltnBrd,likes
goodvibesonlyin,realcybersun,likes
djura65,mysunil_,likes
djura65,RobbMass,likes
djura65,Cryptadamist,likes
NandoGains,TheBitcoinConf,likes
NandoGains,Olonka_UtD,likes
NandoGains,mm83214131,likes
Randylearyoo1,FitmedGuru,likes
Randylearyoo1,LongedBitcoin,likes
Randylearyoo1,BitcoinStarship,likes
TheBitcoin__,SimplyBitcoinTV,likes
TheBitcoin__,BigBackBitcoin,likes
TheBitcoin__,Tech_Law,likes
CointelegraphMT,RobbMass,likes
CointelegraphMT,altapedregosa,likes
CointelegraphMT,MSTRStrategy,likes
mysunil_,ChristianR80567,likes
mysunil_,saoirse6668,likes
mysunil_,RuralDollar,likes
Coldestcrown,mosheea2022,likes
Coldestcrown,Swapuz_team,likes
Coldestcrown,Dahlman0611,likes
bradkat70,Hoarder035,likes
bradkat70,thebtcdad,likes
bradkat70,xcuriousbitcoin,likes
AlvaApp,0xndra,likes
AlvaApp,Hmd7ai7,likes
AlvaApp,Rockscrypto_,likes
Mikeymonie,UmojaProtocol,likes
Mikeymonie,samzy_jay,likes
Mikeymonie,RealDrewTality,likes
TheDailyHodl,Olonka_UtD,likes
TheDailyHodl,ChristianR80567,likes
TheDailyHodl,realcybersun,likes
TheBitcoinConf,thebtcdad,likes
TheBitcoinConf,bhbh89705,likes
TheBitcoinConf,Swapuz_team,likes
shahmeermurtaza,Bitcoin_is_time,likes
shahmeermurtaza,johnmorganFL,likes
bhbh89705,DavidCoxRJ,likes
bhbh89705,Randylearyoo1,likes
bhbh89705,Ekeson62,likes
Rockscrypto_,dennislevens,likes
Rockscrypto_,ChristianR80567,likes
Rockscrypto_,lusanas,likes
Ekeson62,BitcoinBltnBrd,likes
Ekeson62,UmojaProtocol,likes
GeeAryuba,NandoGains,likes
GeeAryuba,BitcoinBugsy,likes
GeeAryuba,Mustafa84924477,likes
CharlesKyrielle,Cryptadamist,likes
CharlesKyrielle,saskkay1,likes
CharlesKyrielle,cryptonewspod_,likes
billard_smallz,AlvaApp,likes
billard_smallz,CharlesKyrielle,likes
billard_smallz,goodvibesonlyin,likes
BitBoca,memelooter,likes
BitBoca,Swapuz_team,likes
BitBoca,bhbh89705,likes
Cruzin4Bitcoin,CryptoNewsYes,likes
Cruzin4Bitcoin,BitcoinTrendz1,likes
Cruzin4Bitcoin,Randylearyoo1,likes
jcoffeen1,thebtcdad,likes
jcoffeen1,tradeducky,likes
jcoffeen1,Mikeymonie,likes
BitcoinStarship,Bitcoin_Cookie,likes
BitcoinStarship,Ekeson62,likes
BitcoinStarship,KhokoShop,likes
makecrypto4304,dennislevens,likes
makecrypto4304,Rockscrypto_,likes
makecrypto4304,billard_smallz,likes
MSTRStrategy,bhbh89705,likes
MSTRStrategy,AryanBreath,likes
MSTRStrategy,shahmeermurtaza,likes
srankstrat,bhbh89705,likes
srankstrat,TheDailyHodl,likes
srankstrat,goodvibesonlyin,likes
Mustafa84924477,tradeducky,likes
Mustafa84924477,thebtcdad,likes
Mustafa84924477,Olonka_UtD,likes
JoePrin90175726,CallMe__Crypt,likes
JoePrin90175726,mysunil_,likes
JoePrin90175726,SimplyBitcoinTV,likes
BigBackBitcoin,RuralDollar,likes
BigBackBitcoin,MSTRStrategy,likes
BigBackBitcoin,Mikeymonie,likes
OwnBitcoin,gmgn_guru,likes
OwnBitcoin,LongedBitcoin,likes
OwnBitcoin,memelooter,likes
ryancoc22,BitcoinStarship,likes
ryancoc22,Karthik_archive,likes
ryancoc22,ItsBitcoinWorld,likes
Tien7397,srankstrat,likes
Tien7397,cryptonewspod_,likes
Tien7397,Bitcoin_Cookie,likes
0xndra,Cruzin4Bitcoin,likes
0xndra,Bitcoin_is_time,likes
0xndra,xunday_Tech,likes
saoirse6668,LongedBitcoin,likes
saoirse6668,ryancoc22,likes
saoirse6668,tradeducky,likes
cryptonewspod_,aganstwallst,likes
cryptonewspod_,AryanBreath,likes
cryptonewspod_,TooSaucyMedia,likes
BTCTN,ACDAM_Fund,likes
BTCTN,TheBitcoin__,likes
BTCTN,Ekeson62,likes
Swapuz_team,CointelegraphMT,likes
Swapuz_team,altapedregosa,likes
Swapuz_team,ahorrabitcoin,likes
ChristianR80567,mysunil_,likes
ChristianR80567,RuralDollar,likes
ChristianR80567,joshmacneel,likes
BTCBlueyPunks,GeeAryuba,likes
BTCBlueyPunks,tradeducky,likes
BTCBlueyPunks,joshmacneel,likes
ItsBitcoinWorld,Dahlman0611,likes
ItsBitcoinWorld,lusanas,likes
ItsBitcoinWorld,saskkay1,likes
ShrayTV,TheBitcoinConf,likes
ShrayTV,Cryptadamist,likes
ShrayTV,BigBackBitcoin,likes
saskkay1,WhaleQuips,likes
saskkay1,0xndra,likes
saskkay1,ChristianR80567,likes
johnmorganFL,Mustafa84924477,likes
johnmorganFL,Swapuz_team,likes
johnmorganFL,TheBitcoinConf,likes
BitByz,srankstrat,likes
BitByz,Coldestcrown,likes
BitByz,Swapuz_team,likes
KhokoShop,TheBitcoin__,likes
KhokoShop,JoePrin90175726,likes
KhokoShop,dennislevens,likes
Copenhaguen83,WhaleQuips,likes
Copenhaguen83,BitcoinTrendz1,likes
Copenhaguen83,djura65,likes
Dahlman0611,UmojaProtocol,likes
Dahlman0611,Tien7397,likes
Dahlman0611,ArnielSia,likes
csbikash,djura65,likes
csbikash,AryanBreath,likes
csbikash,ItsBitcoinWorld,likes
BitcoinWeekly,RuralDollar,likes
BitcoinWeekly,WhaleQuips,likes
BitcoinWeekly,memelooter,likes
gmgn_guru,DurekTom,likes
gmgn_guru,BigBackBitcoin,likes
gmgn_guru,joshmacneel,likes
ArnielSia,Mustafa84924477,likes
ArnielSia,BitByz,likes
ArnielSia,realcybersun,likes
AryanBreath,lusanas,likes
AryanBreath,1philjons,likes
AryanBreath,CharlesKyrielle,likes
DurekTom,kingsammyNurse,likes
DurekTom,OwnBitcoin,likes
DurekTom,Cruzin4Bitcoin,likes
CallMe__Crypt,GeeAryuba,likes
CallMe__Crypt,CharlesKyrielle,likes
CallMe__Crypt,UmojaProtocol,likes
thebtcdad,WhaleQuips,likes
thebtcdad,BigBackBitcoin,likes
thebtcdad,aganstwallst,likes
aganstwallst,Cruzin4Bitcoin,likes
aganstwallst,ItsBitcoinWorld,likes
aganstwallst,TheBitcoin__,likes
Bitcoin_Cookie,UmojaProtocol,likes
Bitcoin_Cookie,BTCTN,likes
Bitcoin_Cookie,ryancoc22,likes
BitcoinBugsy,Bitcoin_is_time,likes
BitcoinBugsy,RealDrewTality,likes
BitcoinBugsy,Hoarder035,likes
Olonka_UtD,MSTRStrategy,likes
Olonka_UtD,NandoGains,likes
Olonka_UtD,BTCTN,likes
kingsammyNurse,BitcoinWeekly,likes
kingsammyNurse,LongedBitcoin,likes
kingsammyNurse,joshmacneel,likes
ACDAM_Fund,mosheea2022,likes
ACDAM_Fund,BitcoinBltnBrd,likes
ACDAM_Fund,CallMe__Crypt,likes
xunday_Tech,1philjons,likes
xunday_Tech,GeeAryuba,likes
xunday_Tech,lamboez,likes
BitcoinBltnBrd,Swapuz_team,likes
BitcoinBltnBrd,shahmeermurtaza,likes
CryptoNewsYes,Copenhaguen83,likes
CryptoNewsYes,realcybersun,likes
realcybersun,LongedBitcoin,likes
realcybersun,WhaleQuips,likes
realcybersun,Mikeymonie,likes
memelooter,thebtcdad,likes
memelooter,UmojaProtocol,likes
memelooter,Cruzin4Bitcoin,likes
xcuriousbitcoin,aganstwallst,likes
xcuriousbitcoin,cryptonewspod_,likes
xcuriousbitcoin,Tech_Law,likes
joshmacneel,BigBackBitcoin,likes
joshmacneel,WhaleQuips,likes
joshmacneel,RobbMass,likes
mosheea2022,Mustafa84924477,likes
mosheea2022,ItsBitcoinWorld,likes
Hoarder035,kingsammyNurse,likes
Hoarder035,SimplyBitcoinTV,likes
Hoarder035,billard_smallz,likes
LongedBitcoin,NandoGains,likes
LongedBitcoin,xcuriousbitcoin,likes
LongedBitcoin,memelooter,likes
lamboez,Hmd7ai7,likes
lamboez,BitcoinBugsy,likes
lamboez,bradkat70,likes
300iqtrading,Dahlman0611,likes
300iqtrading,Hmd7ai7,likes
300iqtrading,Cryptadamist,likes
DavidCoxRJ,LongedBitcoin,likes
DavidCoxRJ,UmojaProtocol,likes
DavidCoxRJ,0xndra,likes
RealDrewTality,Hoarder035,likes
RealDrewTality,bhbh89705,likes
RealDrewTality,CointelegraphMT,likes
SimplyBitcoinTV,djura65,likes
SimplyBitcoinTV,samzy_jay,likes
SimplyBitcoinTV,ItsBitcoinWorld,likes
Cryptadamist,ACDAM_Fund,likes
Cryptadamist,saskkay1,likes
Cryptadamist,SimplyBitcoinTV,likes
mm83214131,WhaleQuips,likes
mm83214131,Tien7397,likes
mm83214131,dennislevens,likes
dennislevens,TooSaucyMedia,likes
dennislevens,lamboez,likes
dennislevens,JoePrin90175726,likes
